PDValues,ColumnName
0.6174999999999999,0_A
0.6174999999999999,262_C
0.6174999999999999,262_G
0.6174999999999999,262_I
0.6174999999999999,262_T
0.6174999999999999,263
0.6174999999999999,264_A
0.6174999999999999,264_C
0.6174999999999999,264_G
0.6174999999999999,264_T
0.6174999999999999,265
0.6174999999999999,266_A
0.6174999999999999,266_C
0.6174999999999999,266_G
0.6174999999999999,266_T
0.6174999999999999,262_A
0.6174999999999999,267
0.6174999999999999,268_C
0.6174999999999999,268_G
0.6174999999999999,268_T
0.6174999999999999,270_A
0.6174999999999999,270_C
0.6174999999999999,270_G
0.6174999999999999,270_I
0.6174999999999999,270_T
0.6174999999999999,271
0.6174999999999999,272_A
0.6174999999999999,272_C
0.6174999999999999,272_G
0.6174999999999999,272_I
0.6174999999999999,272_T
0.6174999999999999,268_A
0.6174999999999999,261
0.6174999999999999,260_T
0.6174999999999999,260_I
0.6174999999999999,248_T
0.6174999999999999,249
0.6174999999999999,250_A
0.6174999999999999,250_C
0.6174999999999999,250_G
0.6174999999999999,250_T
0.6174999999999999,252_A
0.6174999999999999,252_C
0.6174999999999999,252_G
0.6174999999999999,252_T
0.6174999999999999,253
0.6174999999999999,254_A
0.6174999999999999,254_C
0.6174999999999999,254_G
0.6174999999999999,254_I
0.6174999999999999,254_T
0.6174999999999999,255
0.6174999999999999,260_G
0.6174999999999999,260_C
0.6174999999999999,260_A
0.6174999999999999,259
0.6174999999999999,258_T
0.6174999999999999,258_G
0.6174999999999999,273
0.6174999999999999,258_C
0.6174999999999999,257
0.6174999999999999,256_T
0.6174999999999999,256_I
0.6174999999999999,256_G
0.6174999999999999,256_C
0.6174999999999999,256_A
0.6174999999999999,258_A
0.6174999999999999,274_A
0.6174999999999999,274_C
0.6174999999999999,274_G
0.6174999999999999,287
0.6174999999999999,288_A
0.6174999999999999,288_C
0.6174999999999999,288_G
0.6174999999999999,288_I
0.6174999999999999,288_T
0.6174999999999999,289
0.6174999999999999,290_A
0.6174999999999999,290_C
0.6174999999999999,290_G
0.6174999999999999,290_I
0.6174999999999999,290_T
0.6174999999999999,292_A
0.6174999999999999,292_C
0.6174999999999999,292_G
0.6174999999999999,292_I
0.6174999999999999,292_T
0.6174999999999999,298_G
0.6174999999999999,298_C
0.6174999999999999,298_A
0.6174999999999999,297
0.6174999999999999,296_T
0.6174999999999999,296_I
0.6174999999999999,286_T
0.6174999999999999,296_G
0.6174999999999999,296_A
0.6174999999999999,294_T
0.6174999999999999,294_G
0.6174999999999999,294_C
0.6174999999999999,294_A
0.6174999999999999,293
0.6174999999999999,296_C
0.6174999999999999,248_I
0.6174999999999999,286_I
0.6174999999999999,286_C
0.6174999999999999,274_T
0.6174999999999999,275
0.6174999999999999,276_A
0.6174999999999999,276_C
0.6174999999999999,276_G
0.6174999999999999,276_I
0.6174999999999999,276_T
0.6174999999999999,277
0.6174999999999999,278_A
0.6174999999999999,278_C
0.6174999999999999,278_G
0.6174999999999999,278_I
0.6174999999999999,278_T
0.6174999999999999,279
0.6174999999999999,280_A
0.6174999999999999,280_C
0.6174999999999999,280_G
0.6174999999999999,286_A
0.6174999999999999,285
0.6174999999999999,284_T
0.6174999999999999,284_I
0.6174999999999999,284_G
0.6174999999999999,284_C
0.6174999999999999,286_G
0.6174999999999999,284_A
0.6174999999999999,282_T
0.6174999999999999,282_I
0.6174999999999999,282_G
0.6174999999999999,282_C
0.6174999999999999,282_A
0.6174999999999999,280_T
0.6174999999999999,283
0.6174999999999999,298_I
0.6174999999999999,248_G
0.6174999999999999,248_A
0.6174999999999999,213
0.6174999999999999,214_A
0.6174999999999999,214_C
0.6174999999999999,214_G
0.6174999999999999,214_I
0.6174999999999999,214_T
0.6174999999999999,215
0.6174999999999999,216_A
0.6174999999999999,216_C
0.6174999999999999,216_G
0.6174999999999999,216_I
0.6174999999999999,216_T
0.6174999999999999,217
0.6174999999999999,218_A
0.6174999999999999,212_T
0.6174999999999999,218_C
0.6174999999999999,218_I
0.6174999999999999,218_T
0.6174999999999999,219
0.6174999999999999,220_A
0.6174999999999999,220_C
0.6174999999999999,220_G
0.6174999999999999,220_T
0.6174999999999999,221
0.6174999999999999,222_A
0.6174999999999999,222_C
0.6174999999999999,222_G
0.6174999999999999,222_I
0.6174999999999999,223
0.6174999999999999,224_A
0.6174999999999999,218_G
0.6174999999999999,212_I
0.6174999999999999,212_G
0.6174999999999999,212_C
0.6174999999999999,200_G
0.6174999999999999,200_I
0.6174999999999999,200_T
0.6174999999999999,201
0.6174999999999999,398_T
0.6174999999999999,202_C
0.6174999999999999,202_G
0.6174999999999999,202_T
0.6174999999999999,203
0.6174999999999999,204_A
0.6174999999999999,204_C
0.6174999999999999,204_G
0.6174999999999999,204_I
0.6174999999999999,204_T
0.6174999999999999,205
0.6174999999999999,206_A
0.6174999999999999,206_C
0.6174999999999999,212_A
0.6174999999999999,210_T
0.6174999999999999,210_G
0.6174999999999999,210_C
0.6174999999999999,210_A
0.6174999999999999,208_T
0.6174999999999999,224_C
0.6174999999999999,208_I
0.6174999999999999,208_C
0.6174999999999999,208_A
0.6174999999999999,207
0.6174999999999999,206_T
0.6174999999999999,206_I
0.6174999999999999,206_G
0.6174999999999999,208_G
0.6174999999999999,224_G
0.6174999999999999,224_I
0.6174999999999999,224_T
0.6174999999999999,236_T
0.6174999999999999,237
0.6174999999999999,238_A
0.6174999999999999,238_C
0.6174999999999999,238_G
0.6174999999999999,238_I
0.6174999999999999,238_T
0.6174999999999999,239
0.6174999999999999,240_A
0.6174999999999999,240_C
0.6174999999999999,240_G
0.6174999999999999,240_I
0.6174999999999999,240_T
0.6174999999999999,241
0.6174999999999999,242_A
0.6174999999999999,242_C
0.6174999999999999,242_G
0.6174999999999999,247
0.6174999999999999,246_T
0.6174999999999999,246_I
0.6174999999999999,246_G
0.6174999999999999,246_C
0.6174999999999999,246_A
0.6174999999999999,236_I
0.6174999999999999,245
0.6174999999999999,244_G
0.6174999999999999,244_C
0.6174999999999999,244_A
0.6174999999999999,243
0.6174999999999999,242_T
0.6174999999999999,242_I
0.6174999999999999,244_T
0.6174999999999999,248_C
0.6174999999999999,236_G
0.6174999999999999,236_A
0.6174999999999999,225
0.6174999999999999,226_A
0.6174999999999999,226_C
0.6174999999999999,226_G
0.6174999999999999,226_I
0.6174999999999999,226_T
0.6174999999999999,227
0.6174999999999999,228_A
0.6174999999999999,228_C
0.6174999999999999,228_G
0.6174999999999999,228_I
0.6174999999999999,228_T
0.6174999999999999,229
0.6174999999999999,230_A
0.6174999999999999,230_C
0.6174999999999999,230_G
0.6174999999999999,230_I
0.6174999999999999,235
0.6174999999999999,234_T
0.6174999999999999,234_I
0.6174999999999999,234_G
0.6174999999999999,234_C
0.6174999999999999,234_A
0.6174999999999999,236_C
0.6174999999999999,233
0.6174999999999999,232_I
0.6174999999999999,232_G
0.6174999999999999,232_C
0.6174999999999999,232_A
0.6174999999999999,231
0.6174999999999999,230_T
0.6174999999999999,232_T
0.6174999999999999,200_C
0.6174999999999999,298_T
0.6174999999999999,300_A
0.6174999999999999,363
0.6174999999999999,364_A
0.6174999999999999,364_C
0.6174999999999999,364_G
0.6174999999999999,364_I
0.6174999999999999,364_T
0.6174999999999999,365
0.6174999999999999,366_A
0.6174999999999999,366_C
0.6174999999999999,366_G
0.6174999999999999,366_I
0.6174999999999999,366_T
0.6174999999999999,367
0.6174999999999999,368_A
0.6174999999999999,362_T
0.6174999999999999,368_C
0.6174999999999999,368_I
0.6174999999999999,368_T
0.6174999999999999,369
0.6174999999999999,370_A
0.6174999999999999,370_C
0.6174999999999999,370_G
0.6174999999999999,370_T
0.6174999999999999,372_A
0.6174999999999999,372_C
0.6174999999999999,372_G
0.6174999999999999,372_I
0.6174999999999999,372_T
0.6174999999999999,373
0.6174999999999999,374_A
0.6174999999999999,368_G
0.6174999999999999,362_I
0.6174999999999999,362_G
0.6174999999999999,362_C
0.6174999999999999,350_I
0.6174999999999999,350_T
0.6174999999999999,351
0.6174999999999999,352_A
0.6174999999999999,352_C
0.6174999999999999,352_G
0.6174999999999999,353
0.6174999999999999,354_A
0.6174999999999999,354_C
0.6174999999999999,354_G
0.6174999999999999,354_I
0.6174999999999999,354_T
0.6174999999999999,355
0.6174999999999999,356_A
0.6174999999999999,356_C
0.6174999999999999,356_G
0.6174999999999999,356_I
0.6174999999999999,362_A
0.6174999999999999,361
0.6174999999999999,360_T
0.6174999999999999,360_I
0.6174999999999999,360_G
0.6174999999999999,360_C
0.6174999999999999,374_C
0.6174999999999999,359
0.6174999999999999,358_I
0.6174999999999999,358_G
0.6174999999999999,358_C
0.6174999999999999,358_A
0.6174999999999999,357
0.6174999999999999,356_T
0.6174999999999999,358_T
0.6174999999999999,374_G
0.6174999999999999,374_I
0.6174999999999999,374_T
0.6174999999999999,387
0.6174999999999999,388_A
0.6174999999999999,388_C
0.6174999999999999,388_G
0.6174999999999999,388_T
0.6174999999999999,389
0.6174999999999999,390_A
0.6174999999999999,390_C
0.6174999999999999,390_G
0.6174999999999999,390_T
0.6174999999999999,392_A
0.6174999999999999,392_C
0.6174999999999999,392_I
0.6174999999999999,392_T
0.6174999999999999,393
0.6174999999999999,394_A
0.6174999999999999,394_C
0.6174999999999999,398_I
0.6174999999999999,398_G
0.6174999999999999,398_C
0.6174999999999999,398_A
0.6174999999999999,397
0.6174999999999999,396_T
0.6174999999999999,386_T
0.6174999999999999,396_I
0.6174999999999999,396_C
0.6174999999999999,396_A
0.6174999999999999,395
0.6174999999999999,394_T
0.6174999999999999,394_I
0.6174999999999999,394_G
0.6174999999999999,396_G
0.6174999999999999,350_G
0.6174999999999999,386_I
0.6174999999999999,386_C
0.6174999999999999,375
0.6174999999999999,376_A
0.6174999999999999,376_C
0.6174999999999999,376_G
0.6174999999999999,376_T
0.6174999999999999,377
0.6174999999999999,378_A
0.6174999999999999,378_C
0.6174999999999999,378_G
0.6174999999999999,378_I
0.6174999999999999,378_T
0.6174999999999999,379
0.6174999999999999,380_A
0.6174999999999999,380_C
0.6174999999999999,380_G
0.6174999999999999,380_I
0.6174999999999999,380_T
0.6174999999999999,386_A
0.6174999999999999,385
0.6174999999999999,384_T
0.6174999999999999,384_I
0.6174999999999999,384_G
0.6174999999999999,384_C
0.6174999999999999,386_G
0.6174999999999999,384_A
0.6174999999999999,382_T
0.6174999999999999,382_I
0.6174999999999999,382_G
0.6174999999999999,382_C
0.6174999999999999,382_A
0.6174999999999999,381
0.6174999999999999,383
0.6174999999999999,299
0.6174999999999999,350_C
0.6174999999999999,349
0.6174999999999999,312_T
0.6174999999999999,313
0.6174999999999999,314_A
0.6174999999999999,314_G
0.6174999999999999,314_I
0.6174999999999999,314_T
0.6174999999999999,315
0.6174999999999999,316_A
0.6174999999999999,316_C
0.6174999999999999,316_G
0.6174999999999999,316_I
0.6174999999999999,316_T
0.6174999999999999,317
0.6174999999999999,318_A
0.6174999999999999,312_I
0.6174999999999999,318_C
0.6174999999999999,318_I
0.6174999999999999,318_T
0.6174999999999999,319
0.6174999999999999,320_A
0.6174999999999999,320_C
0.6174999999999999,320_G
0.6174999999999999,320_I
0.6174999999999999,320_T
0.6174999999999999,321
0.6174999999999999,322_A
0.6174999999999999,322_C
0.6174999999999999,322_G
0.6174999999999999,322_I
0.6174999999999999,322_T
0.6174999999999999,318_G
0.6174999999999999,312_G
0.6174999999999999,312_C
0.6174999999999999,312_A
0.6174999999999999,300_G
0.6174999999999999,300_I
0.6174999999999999,300_T
0.6174999999999999,301
0.6174999999999999,302_A
0.6174999999999999,302_C
0.6174999999999999,302_G
0.6174999999999999,302_I
0.6174999999999999,302_T
0.6174999999999999,303
0.6174999999999999,304_A
0.6174999999999999,304_G
0.6174999999999999,304_T
0.6174999999999999,306_A
0.6174999999999999,306_C
0.6174999999999999,306_G
0.6174999999999999,306_I
0.6174999999999999,311
0.6174999999999999,310_T
0.6174999999999999,310_I
0.6174999999999999,310_G
0.6174999999999999,310_C
0.6174999999999999,310_A
0.6174999999999999,323
0.6174999999999999,309
0.6174999999999999,308_I
0.6174999999999999,308_G
0.6174999999999999,308_C
0.6174999999999999,308_A
0.6174999999999999,307
0.6174999999999999,306_T
0.6174999999999999,308_T
0.6174999999999999,324_A
0.6174999999999999,324_C
0.6174999999999999,324_G
0.6174999999999999,338_G
0.6174999999999999,338_I
0.6174999999999999,338_T
0.6174999999999999,339
0.6174999999999999,340_A
0.6174999999999999,340_C
0.6174999999999999,340_G
0.6174999999999999,340_T
0.6174999999999999,341
0.6174999999999999,342_A
0.6174999999999999,342_C
0.6174999999999999,342_G
0.6174999999999999,342_I
0.6174999999999999,342_T
0.6174999999999999,343
0.6174999999999999,344_A
0.6174999999999999,344_C
0.6174999999999999,348_T
0.6174999999999999,348_I
0.6174999999999999,348_G
0.6174999999999999,348_C
0.6174999999999999,348_A
0.6174999999999999,347
0.6174999999999999,338_C
0.6174999999999999,346_T
0.6174999999999999,346_G
0.6174999999999999,346_C
0.6174999999999999,346_A
0.6174999999999999,345
0.6174999999999999,344_T
0.6174999999999999,344_G
0.6174999999999999,346_I
0.6174999999999999,350_A
0.6174999999999999,338_A
0.6174999999999999,336_T
0.6174999999999999,324_T
0.6174999999999999,325
0.6174999999999999,326_A
0.6174999999999999,326_C
0.6174999999999999,326_G
0.6174999999999999,326_I
0.6174999999999999,326_T
0.6174999999999999,327
0.6174999999999999,328_A
0.6174999999999999,328_C
0.6174999999999999,328_G
0.6174999999999999,328_I
0.6174999999999999,328_T
0.6174999999999999,329
0.6174999999999999,330_A
0.6174999999999999,330_C
0.6174999999999999,330_G
0.6174999999999999,336_I
0.6174999999999999,336_G
0.6174999999999999,336_C
0.6174999999999999,336_A
0.6174999999999999,334_T
0.6174999999999999,334_G
0.6174999999999999,337
0.6174999999999999,334_A
0.6174999999999999,332_T
0.6174999999999999,332_G
0.6174999999999999,332_C
0.6174999999999999,332_A
0.6174999999999999,331
0.6174999999999999,330_T
0.6174999999999999,333
0.6174999999999999,200_A
0.6174999999999999,202_A
0.6174999999999999,198_T
0.6174999999999999,64_C
0.6174999999999999,64_G
0.6174999999999999,64_I
0.6174999999999999,64_T
0.6174999999999999,65
0.6174999999999999,66_A
0.6174999999999999,66_C
0.6174999999999999,66_G
0.6174999999999999,66_I
0.6174999999999999,66_T
0.6174999999999999,67
0.6174999999999999,68_A
0.6174999999999999,68_C
0.6174999999999999,68_G
0.6174999999999999,64_A
0.6174999999999999,68_I
0.6174999999999999,69
0.6174999999999999,70_A
0.6174999999999999,70_C
0.6174999999999999,70_G
0.6174999999999999,70_I
0.6174999999999999,70_T
0.6174999999999999,71
0.6174999999999999,72_A
0.6174999999999999,72_C
0.6174999999999999,72_G
0.6174999999999999,72_I
0.6174999999999999,72_T
0.6174999999999999,73
0.6174999999999999,74_A
0.6174999999999999,68_T
0.6174999999999999,63
0.6174999999999999,62_T
0.6174999999999999,62_I
0.6174999999999999,50_I
0.6174999999999999,50_T
0.6174999999999999,51
0.6174999999999999,52_A
0.6174999999999999,52_C
0.6174999999999999,52_G
0.6174999999999999,52_T
0.6174999999999999,53
0.6174999999999999,54_A
0.6174999999999999,54_C
0.6174999999999999,54_G
0.6174999999999999,54_I
0.6174999999999999,54_T
0.6174999999999999,55
0.6174999999999999,56_A
0.6174999999999999,56_C
0.6174999999999999,56_G
0.6174999999999999,62_G
0.6174999999999999,62_C
0.6174999999999999,62_A
0.6174999999999999,60_T
0.6174999999999999,60_G
0.6174999999999999,60_C
0.6174999999999999,74_C
0.6174999999999999,60_A
0.6174999999999999,58_T
0.6174999999999999,58_I
0.6174999999999999,58_G
0.6174999999999999,58_C
0.6174999999999999,58_A
0.6174999999999999,56_T
0.6174999999999999,59
0.6174999999999999,50_G
0.6174999999999999,74_G
0.6174999999999999,74_T
0.6174999999999999,88_G
0.6174999999999999,88_T
0.6174999999999999,90_A
0.6174999999999999,90_C
0.6174999999999999,90_T
0.6174999999999999,92_A
0.6174999999999999,92_C
0.6174999999999999,92_G
0.6174999999999999,92_I
0.6174999999999999,92_T
0.6174999999999999,93
0.6174999999999999,94_A
0.6174999999999999,94_C
0.6174999999999999,94_G
0.6174999999999999,88_C
0.6174999999999999,94_I
0.6174999999999999,95
0.6174999999999999,96_A
0.6174999999999999,96_G
0.6174999999999999,96_I
0.6174999999999999,96_T
0.6174999999999999,97
0.6174999999999999,98_C
0.6174999999999999,98_G
0.6174999999999999,199
0.6174999999999999,98_T
0.6174999999999999,99
0.6174999999999999,100_A
0.6174999999999999,100_C
0.6174999999999999,100_G
0.6174999999999999,94_T
0.6174999999999999,88_A
0.6174999999999999,87
0.6174999999999999,86_T
0.6174999999999999,75
0.6174999999999999,76_A
0.6174999999999999,76_C
0.6174999999999999,76_G
0.6174999999999999,76_I
0.6174999999999999,76_T
0.6174999999999999,77
0.6174999999999999,78_A
0.6174999999999999,78_C
0.6174999999999999,78_G
0.6174999999999999,78_I
0.6174999999999999,78_T
0.6174999999999999,79
0.6174999999999999,80_A
0.6174999999999999,80_C
0.6174999999999999,80_G
0.6174999999999999,80_I
0.6174999999999999,86_G
0.6174999999999999,86_C
0.6174999999999999,86_A
0.6174999999999999,85
0.6174999999999999,84_T
0.6174999999999999,84_G
0.6174999999999999,74_I
0.6174999999999999,84_C
0.6174999999999999,82_T
0.6174999999999999,82_G
0.6174999999999999,82_C
0.6174999999999999,82_A
0.6174999999999999,81
0.6174999999999999,80_T
0.6174999999999999,84_A
0.6174999999999999,50_C
0.6174999999999999,50_A
0.6174999999999999,49
0.6174999999999999,12_T
0.6174999999999999,14_A
0.6174999999999999,14_C
0.6174999999999999,14_G
0.6174999999999999,14_I
0.6174999999999999,14_T
0.6174999999999999,15
0.6174999999999999,16_C
0.6174999999999999,16_G
0.6174999999999999,16_I
0.6174999999999999,16_T
0.6174999999999999,17
0.6174999999999999,18_A
0.6174999999999999,18_C
0.6174999999999999,12_I
0.6174999999999999,18_G
0.6174999999999999,18_T
0.6174999999999999,19
0.6174999999999999,20_A
0.6174999999999999,20_C
0.6174999999999999,20_G
0.6174999999999999,20_I
0.6174999999999999,20_T
0.6174999999999999,21
0.6174999999999999,22_A
0.6174999999999999,22_C
0.6174999999999999,22_G
0.6174999999999999,22_T
0.6174999999999999,23
0.6174999999999999,24_A
0.6174999999999999,18_I
0.6174999999999999,12_G
0.6174999999999999,12_C
0.6174999999999999,12_A
0.6174999999999999,0_C
0.6174999999999999,0_G
0.6174999999999999,0_I
0.6174999999999999,0_T
0.6174999999999999,2_A
0.6174999999999999,2_C
0.6174999999999999,2_G
0.6174999999999999,2_T
0.6174999999999999,3
0.6174999999999999,4_A
0.6174999999999999,4_C
0.6174999999999999,4_G
0.6174999999999999,4_I
0.6174999999999999,4_T
0.6174999999999999,5
0.6174999999999999,6_A
0.6174999999999999,6_C
0.6174999999999999,11
0.6174999999999999,10_T
0.6174999999999999,10_I
0.6174999999999999,10_G
0.6174999999999999,10_C
0.6174999999999999,10_A
0.6174999999999999,24_C
0.6174999999999999,9
0.6174999999999999,8_G
0.6174999999999999,8_C
0.6174999999999999,8_A
0.6174999999999999,7
0.6174999999999999,6_T
0.6174999999999999,6_G
0.6174999999999999,8_T
0.6174999999999999,24_G
0.6174999999999999,24_T
0.6174999999999999,25
0.6174999999999999,38_I
0.6174999999999999,38_T
0.6174999999999999,39
0.6174999999999999,40_A
0.6174999999999999,40_C
0.6174999999999999,40_G
0.6174999999999999,40_I
0.6174999999999999,40_T
0.6174999999999999,41
0.6174999999999999,42_A
0.6174999999999999,42_G
0.6174999999999999,42_I
0.6174999999999999,42_T
0.6174999999999999,43
0.6174999999999999,44_A
0.6174999999999999,44_C
0.6174999999999999,44_G
0.6174999999999999,48_T
0.6174999999999999,48_I
0.6174999999999999,48_G
0.6174999999999999,48_C
0.6174999999999999,48_A
0.6174999999999999,47
0.6174999999999999,38_G
0.6174999999999999,46_T
0.6174999999999999,46_G
0.6174999999999999,46_C
0.6174999999999999,46_A
0.6174999999999999,45
0.6174999999999999,44_T
0.6174999999999999,44_I
0.6174999999999999,46_I
0.6174999999999999,100_T
0.6174999999999999,38_C
0.6174999999999999,37
0.6174999999999999,26_A
0.6174999999999999,26_C
0.6174999999999999,26_G
0.6174999999999999,26_I
0.6174999999999999,26_T
0.6174999999999999,27
0.6174999999999999,28_A
0.6174999999999999,28_C
0.6174999999999999,28_G
0.6174999999999999,28_I
0.6174999999999999,28_T
0.6174999999999999,29
0.6174999999999999,30_A
0.6174999999999999,30_C
0.6174999999999999,30_G
0.6174999999999999,30_T
0.6174999999999999,32_A
0.6174999999999999,36_T
0.6174999999999999,36_I
0.6174999999999999,36_G
0.6174999999999999,36_C
0.6174999999999999,36_A
0.6174999999999999,35
0.6174999999999999,38_A
0.6174999999999999,34_T
0.6174999999999999,34_G
0.6174999999999999,34_C
0.6174999999999999,34_A
0.6174999999999999,32_T
0.6174999999999999,32_G
0.6174999999999999,32_C
0.6174999999999999,34_I
0.6174999999999999,102_A
0.6174999999999999,98_I
0.6174999999999999,102_G
0.6174999999999999,162_T
0.6174999999999999,163
0.6174999999999999,164_A
0.6174999999999999,164_C
0.6174999999999999,164_G
0.6174999999999999,164_T
0.6174999999999999,165
0.6174999999999999,166_A
0.6174999999999999,166_C
0.6174999999999999,166_G
0.6174999999999999,166_I
0.6174999999999999,166_T
0.6174999999999999,167
0.6174999999999999,168_A
0.6174999999999999,162_G
0.6174999999999999,168_C
0.6174999999999999,168_T
0.6174999999999999,169
0.6174999999999999,170_A
0.6174999999999999,170_C
0.6174999999999999,170_G
0.6174999999999999,170_T
0.6174999999999999,171
0.6174999999999999,172_A
0.6174999999999999,172_C
0.6174999999999999,172_G
0.6174999999999999,172_T
0.6174999999999999,173
0.6174999999999999,174_A
0.6174999999999999,174_C
0.6174999999999999,168_G
0.6174999999999999,162_C
0.6174999999999999,162_A
0.6174999999999999,161
0.6174999999999999,149
0.6174999999999999,150_A
0.6174999999999999,150_C
0.6174999999999999,150_G
0.6174999999999999,102_C
0.6174999999999999,150_T
0.6174999999999999,151
0.6174999999999999,152_C
0.6174999999999999,152_G
0.6174999999999999,152_T
0.6174999999999999,153
0.6174999999999999,154_A
0.6174999999999999,154_C
0.6174999999999999,154_G
0.6174999999999999,154_T
0.6174999999999999,155
0.6174999999999999,156_A
0.6174999999999999,160_T
0.6174999999999999,160_I
0.6174999999999999,160_G
0.6174999999999999,160_A
0.6174999999999999,159
0.6174999999999999,158_T
0.6174999999999999,174_G
0.6174999999999999,158_G
0.6174999999999999,158_A
0.6174999999999999,157
0.6174999999999999,156_T
0.6174999999999999,156_I
0.6174999999999999,156_G
0.6174999999999999,156_C
0.6174999999999999,158_C
0.6174999999999999,148_T
0.6174999999999999,174_T
0.6174999999999999,176_A
0.6174999999999999,188_I
0.6174999999999999,188_T
0.6174999999999999,189
0.6174999999999999,190_A
0.6174999999999999,190_C
0.6174999999999999,190_G
0.6174999999999999,190_I
0.6174999999999999,190_T
0.6174999999999999,191
0.6174999999999999,192_A
0.6174999999999999,192_C
0.6174999999999999,192_G
0.6174999999999999,192_T
0.6174999999999999,193
0.6174999999999999,188_G
0.6174999999999999,194_A
0.6174999999999999,194_G
0.6174999999999999,194_I
0.6174999999999999,194_T
0.6174999999999999,195
0.6174999999999999,196_A
0.6174999999999999,196_C
0.6174999999999999,196_G
0.6174999999999999,196_I
0.6174999999999999,196_T
0.6174999999999999,197
0.6174999999999999,198_A
0.6174999999999999,198_C
0.6174999999999999,198_G
0.6174999999999999,198_I
0.6174999999999999,194_C
0.6174999999999999,188_C
0.6174999999999999,188_A
0.6174999999999999,187
0.6174999999999999,176_C
0.6174999999999999,176_G
0.6174999999999999,176_T
0.6174999999999999,177
0.6174999999999999,178_A
0.6174999999999999,178_C
0.6174999999999999,178_G
0.6174999999999999,178_T
0.6174999999999999,180_A
0.6174999999999999,180_C
0.6174999999999999,180_G
0.6174999999999999,180_I
0.6174999999999999,180_T
0.6174999999999999,181
0.6174999999999999,182_A
0.6174999999999999,182_C
0.6174999999999999,182_G
0.6174999999999999,186_T
0.6174999999999999,186_I
0.6174999999999999,186_G
0.6174999999999999,186_C
0.6174999999999999,186_A
0.6174999999999999,185
0.6174999999999999,175
0.6174999999999999,184_T
0.6174999999999999,184_G
0.6174999999999999,184_C
0.6174999999999999,184_A
0.6174999999999999,183
0.6174999999999999,182_T
0.6174999999999999,182_I
0.6174999999999999,184_I
0.6174999999999999,148_I
0.6174999999999999,150_I
0.6174999999999999,148_C
0.6174999999999999,114_T
0.6174999999999999,115
0.6174999999999999,116_A
0.6174999999999999,116_C
0.6174999999999999,116_G
0.6174999999999999,116_T
0.6174999999999999,117
0.6174999999999999,118_A
0.6174999999999999,118_C
0.6174999999999999,118_G
0.6174999999999999,118_I
0.6174999999999999,118_T
0.6174999999999999,119
0.6174999999999999,120_A
0.6174999999999999,114_I
0.6174999999999999,120_C
0.6174999999999999,120_I
0.6174999999999999,120_T
0.6174999999999999,121
0.6174999999999999,122_A
0.6174999999999999,122_C
0.6174999999999999,122_G
0.6174999999999999,122_I
0.6174999999999999,122_T
0.6174999999999999,123
0.6174999999999999,148_G
0.6174999999999999,124_G
0.6174999999999999,124_I
0.6174999999999999,124_T
0.6174999999999999,125
0.6174999999999999,120_G
0.6174999999999999,126_A
0.6174999999999999,114_G
0.6174999999999999,114_A
0.6174999999999999,102_I
0.6174999999999999,102_T
0.6174999999999999,103
0.6174999999999999,104_A
0.6174999999999999,104_C
0.6174999999999999,104_G
0.6174999999999999,104_I
0.6174999999999999,104_T
0.6174999999999999,105
0.6174999999999999,106_A
0.6174999999999999,106_C
0.6174999999999999,106_G
0.6174999999999999,106_T
0.6174999999999999,108_A
0.6174999999999999,114_C
0.6174999999999999,108_C
0.6174999999999999,108_T
0.6174999999999999,109
0.6174999999999999,110_A
0.6174999999999999,110_C
0.6174999999999999,110_G
0.6174999999999999,110_I
0.6174999999999999,110_T
0.6174999999999999,111
0.6174999999999999,112_A
0.6174999999999999,112_C
0.6174999999999999,112_G
0.6174999999999999,112_I
0.6174999999999999,112_T
0.6174999999999999,113
0.6174999999999999,108_G
0.6174999999999999,126_C
0.6174999999999999,124_A
0.6174999999999999,126_I
0.6174999999999999,138_C
0.6174999999999999,138_G
0.6174999999999999,126_G
0.6174999999999999,138_T
0.6174999999999999,139
0.6174999999999999,140_A
0.6174999999999999,140_C
0.6174999999999999,140_G
0.6174999999999999,140_I
0.6174999999999999,140_T
0.6174999999999999,141
0.6174999999999999,142_A
0.6174999999999999,142_C
0.6174999999999999,142_G
0.6174999999999999,142_I
0.6174999999999999,142_T
0.6174999999999999,143
0.6174999999999999,144_A
0.6174999999999999,144_C
0.6174999999999999,144_G
0.6174999999999999,144_T
0.6174999999999999,145
0.6174999999999999,146_A
0.6174999999999999,146_C
0.6174999999999999,146_G
0.6174999999999999,146_I
0.6174999999999999,146_T
0.6174999999999999,147
0.6174999999999999,148_A
0.6174999999999999,138_A
0.6174999999999999,137
0.6174999999999999,138_I
0.6174999999999999,132_A
0.6174999999999999,132_G
0.6174999999999999,132_C
0.6174999999999999,136_T
0.6174999999999999,130_T
0.6174999999999999,130_G
0.6174999999999999,130_C
0.6174999999999999,130_A
0.6174999999999999,129
0.6174999999999999,128_T
0.6174999999999999,128_I
0.6174999999999999,128_G
0.6174999999999999,128_C
0.6174999999999999,128_A
0.6174999999999999,127
0.6174999999999999,126_T
0.6174999999999999,132_T
0.6174999999999999,134_A
0.6174999999999999,399
0.6174999999999999,134_G
0.6174999999999999,136_A
0.6174999999999999,134_C
0.6174999999999999,134_T
0.6174999999999999,136_G
0.6174999999999999,135
0.6174999999999999,134_I
0.6174999999999999,136_I
0.6174999999999999,136_C
0.6249999999999999,291
0.625,13
0.6275,1
0.6275,392_G
0.6299999999999999,210_I
0.6324999999999998,152_A
0.6349999999999998,98_A
0.6349999999999998,160_C
0.635,222_T
0.635,209
0.635,42_C
0.6375000000000001,314_C
0.6399999999999999,211
0.64,96_C
0.64,360_A
0.6425000000000001,300_C
0.6449999999999999,352_T
0.6450000000000001,170_I
0.6475000000000001,16_A
0.6649999999999999,304_C
0.6649999999999999,90_G
0.6649999999999999,334_C
0.6675,124_C
